Title,Media URL,Pinterest board,Thumbnail,Description,Link,Publish date,Keywords
Obatzda-Rezept für die Oktoberfest-Party zuhause,https://bethathost.de/assets/pins/oktoberfest-obatzda.jpg,Party & Gastgeben Ideen,,"Der bayerische Klassiker für die Brotzeit: Obatzda aus Camembert, Butter und Paprika. Dazu Wurstsalat, Weißwürste und alles für die Wiesn-Party zuhause. #obatzda #oktoberfest #bayerischerezepte #brotzeit #wiesn",https://bethathost.de/oktoberfest/?pin=obatzda#cat-brotzeit,2026-09-29T10:00:00,"oktoberfest zuhause, wiesn party, obatzda, brotzeit"
Wie viele Getränke pro Gast? Die Faustregel für jede Party,https://bethathost.de/assets/pins/mengenrechner-getraenke.jpg,Party & Gastgeben Ideen,,"Zwei Getränke in der ersten Stunde, danach eins pro Stunde: die Faustregel für Bier, Wein, Sekt und Alkoholfreies. Mit kostenlosem Rechner für deine Gästezahl. #partyplanung #getränke #hausparty #mengenrechner #partytipps",https://bethathost.de/mengenrechner/?pin=getraenke#faustregeln-fuer-getraenke,2026-09-29T16:00:00,"party planen, mengen pro person, einkaufsliste party, gastgeben"
Deko-Kalender: Gemütlich dekorieren von September bis Februar,https://bethathost.de/assets/pins/saison-deko-kalender.jpg,Party & Gastgeben Ideen,,"Herbst, Advent, Winter: Welche Deko wann kommt und geht – und was einfach stehen bleiben darf. So wirkt die Wohnung nach Weihnachten nicht leer. #herbstdeko #winterdeko #gemütlichwohnen #hygge #dekoideen",https://bethathost.de/saison-deko/?pin=kalender#kalender,2026-09-30T10:00:00,"herbstdeko, winterdeko, gemütlich, dekoideen"
Weißwürste richtig zubereiten: ziehen statt kochen,https://bethathost.de/assets/pins/oktoberfest-weisswurst.jpg,Party & Gastgeben Ideen,,"Warum Weißwürste nie kochen dürfen und wie sie richtig heiß werden, ohne zu platzen. Plus Obatzda, Wurstsalat und die ganze Brotzeit für die Wiesn-Party. #weisswurst #oktoberfest #brotzeit #bayern #wiesn",https://bethathost.de/oktoberfest/?pin=weisswurst#cat-brotzeit,2026-09-30T16:00:00,"oktoberfest zuhause, wiesn party, obatzda, brotzeit"
Spieleabend planen: Die Drei-Akte-Regel,https://bethathost.de/assets/pins/spieleabend-akte.jpg,Party & Gastgeben Ideen,,"Aufwärmer, Hauptspiel, Absacker: So bleibt ein Spieleabend spannend bis zum Schluss. Plus welches Spiel zu welcher Gruppengröße passt. #spieleabend #brettspiele #gesellschaftsspiele #spieleabendmitfreunden #partyideen",https://bethathost.de/spieleabend/?pin=akte#cat-games,2026-10-01T10:00:00,"spieleabend, brettspiele, game night, snacks"
Vesper Martini: Bonds Originalrezept für den Casino-Abend,https://bethathost.de/assets/pins/casino-vesper.jpg,Party & Gastgeben Ideen,,"Geschüttelt, nicht gerührt: So mixt du den Vesper aus „Casino Royale“ – 6 cl Gin, 2 cl Wodka, 1 cl Lillet. Dazu die alkoholfreie Variante „Moneypenny“ und alles für den Casino-Abend zuhause. #vespermartini #jamesbond #casinoabend #cocktailrezept #mottoparty",https://bethathost.de/casino/?pin=vesper#cat-drinks,2026-10-01T16:00:00,"casino abend, james bond party, pokerabend, mottoparty"
Oktoberfest-Spiele: 4 Ideen für die Wiesn-Party zuhause,https://bethathost.de/assets/pins/oktoberfest-spiele.jpg,Party & Gastgeben Ideen,,"Maßkrug-Stemmen, Nageln, Brezn-Schnappen und ein Bayerisch-Quiz: vier Spiele, die aus dem Abendessen eine echte Gaudi machen. #oktoberfest #partyspiele #wiesn #oktoberfestparty #gaudi",https://bethathost.de/oktoberfest/?pin=spiele#cat-extras,2026-10-02T10:00:00,"oktoberfest zuhause, wiesn party, obatzda, brotzeit"
Gemütliches Licht: Die Drei-Höhen-Regel und die richtige Kelvin-Zahl,https://bethathost.de/assets/pins/saison-deko-licht.jpg,Party & Gastgeben Ideen,,Der schnellste Weg zu einer gemütlichen Wohnung: drei Lichtquellen auf drei Höhen und warmweiße Birnen mit 2.700 Kelvin. Kostet fast nichts. #gemütlichwohnen #lichtideen #hygge #wohnzimmerideen #herbstdeko,https://bethathost.de/saison-deko/?pin=licht#cat-light,2026-10-02T16:00:00,"herbstdeko, winterdeko, gemütlich, dekoideen"
Spa-Abend zuhause: Die richtige Reihenfolge für deine Pflege,https://bethathost.de/assets/pins/spa-abend-reihenfolge.jpg,Party & Gastgeben Ideen,,"Reinigen, Dampf, Peeling, Maske, Bad: In dieser Reihenfolge nimmt die Haut Pflege am besten auf. Mit Badetemperatur und Zeiten für einen echten Wellness-Abend. #spaabend #selfcare #wellnesszuhause #beautyroutine #metime",https://bethathost.de/spa-abend/?pin=reihenfolge#ablauf,2026-10-03T10:00:00,"spa abend, wellness zuhause, selfcare, gesichtsmaske"
"Party planen: 5 Fehler, die fast jeder Gastgeber macht",https://bethathost.de/assets/pins/mengenrechner-fehler.jpg,Party & Gastgeben Ideen,,"Zu viele Vielleichts, zu wenig Kühlschrank, alles am selben Tag: die fünf häufigsten Planungsfehler und wie du sie vermeidest. Mit kostenlosem Mengenrechner. #partyplanung #gastgeben #partytipps #hausparty #feiern",https://bethathost.de/mengenrechner/?pin=fehler#die-fuenf-haeufigsten-planungsfehler,2026-10-03T16:00:00,"party planen, mengen pro person, einkaufsliste party, gastgeben"
Oktoberfest-Playlist: Die Hits aus dem Festzelt,https://bethathost.de/assets/pins/oktoberfest-playlist.jpg,Party & Gastgeben Ideen,,"Blasmusik zum Ankommen, dann die Hits aus jedem Zelt: die Playlist für die Oktoberfest-Party zuhause, plus der Anstich mit „O'zapft is!“. #oktoberfest #playlist #wiesnhits #partymusik #oktoberfestparty",https://bethathost.de/oktoberfest/?pin=playlist#cat-mass,2026-10-04T10:00:00,"oktoberfest zuhause, wiesn party, obatzda, brotzeit"
"JGA-Aufgaben: 6 Ideen, die lustig sind statt peinlich",https://bethathost.de/assets/pins/jga-aufgaben.jpg,Party & Gastgeben Ideen,,"Die Braut soll lachen, nicht sich schämen: sechs Aufgaben für den Junggesellinnenabschied, die in jeder Stadt funktionieren. Plus Tagesablauf und Survival-Kit. #jga #junggesellinnenabschied #jgaaufgaben #teambride #hochzeit",https://bethathost.de/jga/?pin=aufgaben#cat-games,2026-10-04T16:00:00,"jga, junggesellinnenabschied, team braut, bachelorette, deko"
Pokerchips richtig verteilen: Startstapel für den Pokerabend,https://bethathost.de/assets/pins/casino-chips.jpg,Party & Gastgeben Ideen,,"1.000 Casino-Dollar pro Person, 27 Chips pro Kopf – so reicht ein 300er-Set für zehn Spieler. Dazu die Blind-Stufen, damit das Turnier nach zwei Stunden entschieden ist. #pokerabend #texasholdem #casinoabend #spieleabend #partyideen",https://bethathost.de/casino/?pin=chips#cat-pokerset,2026-10-05T10:00:00,"casino abend, james bond party, pokerabend, mottoparty"
Guacamole-Rezept: So bleibt sie grün,https://bethathost.de/assets/pins/mexiko-fiesta-guacamole.jpg,Party & Gastgeben Ideen,,"Die klassische Guacamole für das Taco-Buffet – und der Trick, mit dem sie nicht braun wird. Dazu Pico de Gallo, Chili-Hack und alles für die mexikanische Fiesta. #guacamole #tacoparty #mexikanisch #fingerfood #partyrezepte",https://bethathost.de/mexiko-fiesta/?pin=guacamole#cat-buffet,2026-10-05T16:00:00,"mexikanische party, fiesta, taco party, margarita, mottoparty"
Spielregeln erklären: 4 Tricks für den Spieleabend,https://bethathost.de/assets/pins/spieleabend-regeln.jpg,Party & Gastgeben Ideen,,"Nichts tötet einen Spieleabend so zuverlässig wie zwanzig Minuten Regelheft. Vier Tricks, mit denen alle nach einer Runde mitspielen. #spieleabend #brettspiele #spieletipps #gesellschaftsspiele #freunde",https://bethathost.de/spieleabend/?pin=regeln#regeln,2026-10-06T10:00:00,"spieleabend, brettspiele, game night, snacks"
Kerzen im Advent: 5 Regeln gegen Brände,https://bethathost.de/assets/pins/saison-deko-kerzen.jpg,Party & Gastgeben Ideen,,Adventskränze und Gestecke gehören zu den häufigsten Brandursachen im Dezember. Fünf einfache Regeln – und wo LED-Kerzen die bessere Wahl sind. #adventskranz #weihnachtsdeko #kerzen #sicherheit #winterdeko,https://bethathost.de/saison-deko/?pin=kerzen#cat-safe-light,2026-10-06T16:00:00,"herbstdeko, winterdeko, gemütlich, dekoideen"
Mai Tai Originalrezept: So schmeckt der echte Tiki-Klassiker,https://bethathost.de/assets/pins/hawaii-tiki-maitai.jpg,Party & Gastgeben Ideen,,"Rum, Limette, Mandel – so war der Mai Tai 1944 gedacht, ganz ohne Ananassaft. Das Originalrezept plus Piña Colada und eine alkoholfreie Bowle für die Hawaii-Party. #maitai #tikicocktail #hawaiiparty #cocktailrezept #rum",https://bethathost.de/hawaii-tiki/?pin=maitai#cat-drinks,2026-10-07T10:00:00,"hawaii party, tiki party, luau, sommerparty, mottoparty"
Wie viel Eis braucht man für eine Party? Die Faustregel,https://bethathost.de/assets/pins/mengenrechner-eis.jpg,Party & Gastgeben Ideen,,"250 Gramm pro Gast, an heißen Tagen das Doppelte, beim Cocktailabend noch mehr: So viel Eis brauchst du wirklich. Plus Gläser und Geschirr pro Person. #partyplanung #eiswürfel #sommerparty #cocktailparty #mengenrechner",https://bethathost.de/mengenrechner/?pin=eis#eis-kuehlung-und-geschirr,2026-10-07T16:00:00,"party planen, mengen pro person, einkaufsliste party, gastgeben"
JGA-Survival-Kit: Die Checkliste für den Junggesellinnenabschied,https://bethathost.de/assets/pins/jga-survivalkit.jpg,Party & Gastgeben Ideen,,Was ins Survival-Kit für den JGA gehört – von Blasenpflaster bis Powerbank. Die Checkliste zum Abhaken plus Ablauf und Aufgaben. #jga #survivalkit #junggesellinnenabschied #teambride #checkliste,https://bethathost.de/jga/?pin=survivalkit#cat-survival,2026-10-08T10:00:00,"jga, junggesellinnenabschied, team braut, bachelorette, deko"
Casino-Abend zuhause: Ablaufplan in fünf Akten,https://bethathost.de/assets/pins/casino-ablauf.jpg,Party & Gastgeben Ideen,,"Vom Dresscode in der Einladung bis zur Siegerehrung: So baust du einen Casino-Abend auf, bei dem niemand nach einer Stunde gelangweilt ist. Mit Black Jack, Roulette und Poker-Turnier. #casinoabend #jamesbondparty #mottoparty #partyplanung #spieleabend",https://bethathost.de/casino/?pin=ablauf#ablauf,2026-10-08T16:00:00,"casino abend, james bond party, pokerabend, mottoparty"
DIY Gesichtsmaske und Peelings: 3 Rezepte für den Spa-Abend,https://bethathost.de/assets/pins/spa-abend-diy.jpg,Party & Gastgeben Ideen,,"Joghurt-Honig-Maske, Haferflocken-Peeling und Zucker-Öl-Peeling: drei Rezepte aus der Küche für den Wellness-Abend zuhause. #diygesichtsmaske #peeling #spaabend #selfcare #naturkosmetik",https://bethathost.de/spa-abend/?pin=diy#cat-face,2026-10-09T10:00:00,"spa abend, wellness zuhause, selfcare, gesichtsmaske"
Margarita im Krug für 8: Das Party-Rezept,https://bethathost.de/assets/pins/mexiko-fiesta-margarita.jpg,Party & Gastgeben Ideen,,Nicht den ganzen Abend am Shaker stehen: Margarita für acht Gläser im Krug vormischen und nur noch über Eis gießen. Mit dem Trick fürs richtige Mischverhältnis. #margarita #cocktailrezept #mexikoparty #partydrinks #tequila,https://bethathost.de/mexiko-fiesta/?pin=margarita#cat-drinks,2026-10-09T16:00:00,"mexikanische party, fiesta, taco party, margarita, mottoparty"
"3 Grill-Marinaden zum Selbermachen: Kräuter, Honig-Senf, Tandoori",https://bethathost.de/assets/pins/grillabend-marinaden.jpg,Party & Gastgeben Ideen,,"Besser als fertig mariniert: drei Grundrezepte für Hähnchen, Nackensteak und Gemüse, jeweils für ein Kilo Grillgut. Plus der Trick, damit nichts aufflammt. #grillmarinade #grillen #bbq #grillrezepte #grillabend",https://bethathost.de/grillabend/?pin=marinaden#cat-prep,2026-10-10T10:00:00,"grillen, bbq, grillparty, gartenparty"
JGA-Tagesablauf: Der Plan für den Junggesellinnenabschied,https://bethathost.de/assets/pins/jga-ablauf.jpg,Party & Gastgeben Ideen,,"Brunch, Aktivität, Pause, Abendessen: der Tagesablauf, der fast immer funktioniert – und warum die Pause am Nachmittag den ganzen Tag rettet. #jga #junggesellinnenabschied #jgaideen #teambride #hochzeitsplanung",https://bethathost.de/jga/?pin=ablauf#ablauf,2026-10-10T16:00:00,"jga, junggesellinnenabschied, team braut, bachelorette, deko"
Wie viel Fleisch pro Person beim Grillen? Die Faustregel,https://bethathost.de/assets/pins/mengenrechner-fleisch.jpg,Party & Gastgeben Ideen,,"300 Gramm Grillgut, 250 Gramm Beilagen, 80 Gramm Brot pro Person – die Faustregeln für den Grillabend. Mit dem kostenlosen Mengenrechner für deine Gästezahl. #grillen #grillparty #mengenrechner #partyplanung #grillabend",https://bethathost.de/mengenrechner/?pin=fleisch#faustregeln-fuers-essen,2026-10-11T10:00:00,"party planen, mengen pro person, einkaufsliste party, gastgeben"
Tropical-Bowle ohne Alkohol für 10 Personen,https://bethathost.de/assets/pins/hawaii-tiki-bowle.jpg,Party & Gastgeben Ideen,,"Ananas, Orange, Maracuja und Ginger Ale: die alkoholfreie Bowle für die Hawaii- oder Sommerparty, in fünf Minuten angerührt. #bowle #alkoholfrei #sommerparty #hawaiiparty #partygetränke",https://bethathost.de/hawaii-tiki/?pin=bowle#cat-drinks,2026-10-11T16:00:00,"hawaii party, tiki party, luau, sommerparty, mottoparty"
Taco-Bar aufbauen: Reihenfolge und Mengen für die Taco-Party,https://bethathost.de/assets/pins/mexiko-fiesta-tacobar.jpg,Party & Gastgeben Ideen,,"Das Taco-Buffet funktioniert wie eine Straße: Tortillas, Füllung, Toppings, Saucen. So staut sich niemand – mit Mengen pro Person und den Rezepten. #tacobar #tacoparty #partybuffet #mexikanisch #partyessen",https://bethathost.de/mexiko-fiesta/?pin=tacobar#cat-buffet,2026-10-12T10:00:00,"mexikanische party, fiesta, taco party, margarita, mottoparty"
Zwei-Zonen-Glut: Der wichtigste Trick am Holzkohlegrill,https://bethathost.de/assets/pins/grillabend-zonen.jpg,Party & Gastgeben Ideen,,"Kohle nur auf eine Hälfte – so grillst du scharf und hältst trotzdem warm, ohne dass etwas verbrennt. Plus der Hand-Test für die richtige Hitze. #grilltipps #holzkohlegrill #grillen #bbq #grillabend",https://bethathost.de/grillabend/?pin=zonen#cat-setup,2026-10-12T16:00:00,"grillen, bbq, grillparty, gartenparty"
Luau-Buffet für die Hawaii-Party: 5 Ideen mit Rezept,https://bethathost.de/assets/pins/hawaii-tiki-luau.jpg,Party & Gastgeben Ideen,,"Spieße, Kokosreis, Salsa, Poke und gegrillte Ananas: ein Buffet für die Hawaii-Party, das fast von allein läuft. Mit Rezepten und Mengen. #hawaiiparty #luau #partybuffet #sommerparty #mottoparty",https://bethathost.de/hawaii-tiki/?pin=luau#essen,2026-10-13T10:00:00,"hawaii party, tiki party, luau, sommerparty, mottoparty"
Agua fresca & Agua de Jamaica: Mexikanische Drinks ohne Alkohol,https://bethathost.de/assets/pins/mexiko-fiesta-aguafresca.jpg,Party & Gastgeben Ideen,,"Wassermelone oder Hibiskus: zwei alkoholfreie Klassiker aus Mexiko, die auf jeder Fiesta schneller leer sind als die Margaritas. #aguafresca #alkoholfrei #mocktail #sommergetränke #mexikoparty",https://bethathost.de/mexiko-fiesta/?pin=aguafresca#cat-drinks,2026-10-13T16:00:00,"mexikanische party, fiesta, taco party, margarita, mottoparty"
Grillabend-Zeitplan: Was du wann vorbereitest,https://bethathost.de/assets/pins/grillabend-zeitplan.jpg,Party & Gastgeben Ideen,,"Ein Grillabend fühlt sich spontan an, wenn die Arbeit vorher erledigt ist. Der Zeitplan von zwei Tagen vorher bis zur ersten Runde – plus wie lange Kohle und Briketts brauchen. #grillabend #grillparty #gartenparty #partyplanung #sommerparty",https://bethathost.de/grillabend/?pin=zeitplan#zeitplan,2026-10-14T10:00:00,"grillen, bbq, grillparty, gartenparty"
"5 Grillfehler, die fast jeder macht – und wie es besser geht",https://bethathost.de/assets/pins/grillabend-fehler.jpg,Party & Gastgeben Ideen,,"Zu früh auflegen, ständig wenden, mit Bier ablöschen: die fünf häufigsten Fehler am Grill und was du stattdessen machst. #grilltipps #grillen #bbq #grillabend #grillsaison",https://bethathost.de/grillabend/?pin=fehler#fehler,2026-10-14T16:00:00,"grillen, bbq, grillparty, gartenparty"
